corner,vocm,id_m1,id_m5p,id_m6p,gain_db,gbw,pm,vod_step,sr,sr_fall
typ,8.973334e-01,7.343465e-05,,,4.746682e+01,6.069032e+07,8.113917e+01,-1.21089e+00,3.861617e+07,3.895604e+07
ss_tl_vl,8.290454e-01,3.381423e-06,,,-1.47043e+02,,,-1.19436e+00,4.410930e+07,4.459810e+07
ss_th_vl,1.066134e-01,8.920607e-05,,,2.134854e+00,1.188044e+07,1.663881e+02,-1.11916e+00,3.346537e+07,3.377716e+07
ss_th_vh,1.081475e+00,4.402329e-05,,,2.173332e+00,1.228359e+07,1.688455e+02,-1.11916e+00,3.346537e+07,3.377716e+07
ff_tl_vl,7.711124e-01,1.053181e-04,,,3.354316e+01,2.031690e+07,1.145878e+02,-1.28150e+00,4.255534e+07,6.596651e+07
ff_tl_vh,8.457664e-01,4.777162e-05,,,3.122857e+01,8.702639e+06,1.147573e+02,-1.28150e+00,4.255534e+07,6.596651e+07
ff_th_vh,1.083333e+00,4.886314e-05,,,1.713472e+00,1.192816e+07,1.744604e+02,-1.17750e+00,3.583835e+07,8.551944e+07
sf_tt_vt,8.720987e-01,2.217961e-05,,,6.198139e+01,8.064298e+07,6.903895e+01,-1.28194e+00,4.026119e+07,9.916758e+07
fs_tt_vt,8.175998e-01,7.020666e-05,,,5.902917e+01,5.583445e+07,7.729981e+01,-1.13433e+00,4.103742e+07,9.523850e+07
